INSERT INTO restaurant.items (id, name, description, cost) VALUES (1, 'black tea', 'from kenia', 50.000);
INSERT INTO restaurant.items (id, name, description, cost) VALUES (2, 'green tea', 'from japan', 50.000);
INSERT INTO restaurant.items (id, name, description, cost) VALUES (3, 'coffee', 'from java island', 100.000);
INSERT INTO restaurant.items (id, name, description, cost) VALUES (4, 'cheesecake', 'with strawberry', 250.000);
INSERT INTO restaurant.items (id, name, description, cost) VALUES (5, 'tiramisu', 'with raspberry', 300.000);
INSERT INTO restaurant.officiants (id, first_name, second_name) VALUES (1, 'ivan', 'ivanov');
INSERT INTO restaurant.officiants (id, first_name, second_name) VALUES (2, 'petr', 'petrov');
INSERT INTO restaurant.officiants (id, first_name, second_name) VALUES (3, 'sidor', 'sidorov');
INSERT INTO restaurant.orders (id, date, officiant_id) VALUES (1, '2019-01-08', 1);
INSERT INTO restaurant.orders (id, date, officiant_id) VALUES (2, '2019-01-09', 2);
INSERT INTO restaurant.orders (id, date, officiant_id) VALUES (3, '2019-01-09', 3);
INSERT INTO restaurant.orders (id, date, officiant_id) VALUES (4, '2019-01-09', 2);
INSERT INTO restaurant.orders (id, date, officiant_id) VALUES (5, '2019-01-10', 3);
INSERT INTO restaurant.orders (id, date, officiant_id) VALUES (6, '2019-01-10', 1);
INSERT INTO restaurant.orders (id, date, officiant_id) VALUES (7, '2019-01-11', 2);
INSERT INTO restaurant.items_orders (id, orders_id, items_id, quantity) VALUES (1, 1, 1, 1);
INSERT INTO restaurant.items_orders (id, orders_id, items_id, quantity) VALUES (2, 1, 4, 1);
INSERT INTO restaurant.items_orders (id, orders_id, items_id, quantity) VALUES (3, 2, 3, 1);
INSERT INTO restaurant.items_orders (id, orders_id, items_id, quantity) VALUES (4, 2, 4, 1);
INSERT INTO restaurant.items_orders (id, orders_id, items_id, quantity) VALUES (5, 3, 3, 4);
INSERT INTO restaurant.items_orders (id, orders_id, items_id, quantity) VALUES (6, 4, 1, 2);
INSERT INTO restaurant.items_orders (id, orders_id, items_id, quantity) VALUES (7, 4, 5, 2);
INSERT INTO restaurant.items_orders (id, orders_id, items_id, quantity) VALUES (8, 5, 2, 1);
INSERT INTO restaurant.items_orders (id, orders_id, items_id, quantity) VALUES (9, 5, 5, 1);
INSERT INTO restaurant.items_orders (id, orders_id, items_id, quantity) VALUES (10, 6, 1, 1);
INSERT INTO restaurant.items_orders (id, orders_id, items_id, quantity) VALUES (11, 6, 2, 1);
INSERT INTO restaurant.items_orders (id, orders_id, items_id, quantity) VALUES (12, 6, 4, 1);
INSERT INTO restaurant.items_orders (id, orders_id, items_id, quantity) VALUES (13, 6, 5, 1);
INSERT INTO restaurant.items_orders (id, orders_id, items_id, quantity) VALUES (14, 7, 1, 2);
INSERT INTO restaurant.items_orders (id, orders_id, items_id, quantity) VALUES (15, 7, 5, 2);